{
  "MF": {
    "Precision@5": 0.0,
    "Recall@5": 0.0,
    "NDCG@5": 0.0,
    "HitRate@5": 0.0,
    "Precision@10": 0.0,
    "Recall@10": 0.0,
    "NDCG@10": 0.0,
    "HitRate@10": 0.0,
    "Precision@20": 0.0,
    "Recall@20": 0.0,
    "NDCG@20": 0.0,
    "HitRate@20": 0.0,
    "RMSE": 2.122004747390747,
    "MAE": 1.8080846071243286
  },
  "NCF": {
    "Precision@5": 0.0,
    "Recall@5": 0.0,
    "NDCG@5": 0.0,
    "HitRate@5": 0.0,
    "Precision@10": 0.0,
    "Recall@10": 0.0,
    "NDCG@10": 0.0,
    "HitRate@10": 0.0,
    "Precision@20": 0.0,
    "Recall@20": 0.0,
    "NDCG@20": 0.0,
    "HitRate@20": 0.0,
    "RMSE": 1.2117438316345215,
    "MAE": 0.9526653289794922
  }
}